City_ID,City,Country,Lat,Lng,Max Temp,Humidity,Cloudiness,Wind Speed,Current Description
0,Ushuaia,AR,-54.8,-68.3,35.26,69,0,5.75,clear sky
1,Atasu,KZ,48.6814,71.6433,84.25,22,0,7.72,clear sky
2,Kapaa,US,22.0752,-159.319,79.12,78,40,14.97,scattered clouds
3,Puerto Ayora,EC,-0.7393,-90.3518,69.55,93,80,4.0,broken clouds
4,Namibe,AO,-15.1961,12.1522,66.88,76,0,5.23,clear sky
5,Atuona,PF,-9.8,-139.0333,77.04,68,22,15.7,few clouds
6,Saint-Pierre,RE,-21.3393,55.4781,76.91,66,0,20.71,clear sky
7,Pozhva,RU,59.0912,56.0847,77.38,50,79,4.97,broken clouds
8,Joshimath,IN,30.5667,79.5667,75.65,81,96,6.31,overcast clouds
9,Broome,US,42.2506,-75.833,73.78,91,100,9.22,overcast clouds
10,Punta Arenas,CL,-53.15,-70.9167,35.71,64,0,12.66,clear sky
11,Rikitea,PF,-23.1203,-134.9692,75.34,79,27,18.03,scattered clouds
12,Ostrovnoy,RU,68.0531,39.5131,56.07,69,47,12.1,scattered clouds
13,Leningradskiy,RU,69.3833,178.4167,34.92,94,99,6.89,overcast clouds
14,Ganzhou,CN,28.8184,115.4327,99.28,46,23,11.68,few clouds
15,Hasaki,JP,35.7333,140.8333,90.28,86,100,17.2,overcast clouds
16,Qasigiannguit,GL,68.8193,-51.1922,37.78,95,100,0.78,overcast clouds
17,Victoria,HK,22.2855,114.1577,96.85,76,19,7.0,few clouds
18,Airai,TL,-8.9266,125.4092,66.78,56,12,2.71,few clouds
19,High Rock,BS,26.6208,-78.2833,77.02,73,100,15.46,overcast clouds
20,Mahebourg,MU,-20.4081,57.7,75.25,68,40,11.5,scattered clouds
21,Port Alfred,ZA,-33.5906,26.891,55.18,83,82,1.99,broken clouds
22,Bambous Virieux,MU,-20.3428,57.7575,75.22,68,40,11.5,scattered clouds
23,Mecca,SA,21.4267,39.8261,94.96,41,14,22.21,few clouds
24,Awjilah,LY,29.1081,21.2869,90.54,19,0,9.48,clear sky
25,Abha,SA,18.2164,42.5053,75.02,53,40,5.75,scattered clouds
26,Tura,IN,25.5198,90.2201,78.42,91,99,3.62,overcast clouds
27,Arraial Do Cabo,BR,-22.9661,-42.0278,69.64,87,12,19.39,few clouds
28,Hobart,AU,-42.8794,147.3294,55.26,85,100,9.22,overcast clouds
29,Codrington,AU,-38.2667,141.9667,52.72,91,100,16.28,overcast clouds
30,Longyearbyen,SJ,78.2186,15.6401,46.24,93,100,4.61,overcast clouds
31,Cooma,AU,-36.2333,149.1333,47.21,76,87,4.45,light rain
32,Ucluelet,CA,48.9329,-125.5528,59.09,90,27,2.08,scattered clouds
33,Salalah,OM,17.0151,54.0924,77.09,100,100,8.05,overcast clouds
34,Bredasdorp,ZA,-34.5322,20.0403,54.34,63,0,6.98,clear sky
35,Fortuna,US,40.5982,-124.1573,54.93,89,13,0.47,few clouds
36,Busselton,AU,-33.65,115.3333,61.86,68,16,19.37,few clouds
37,Bluff,NZ,-46.6,168.3333,42.8,86,98,19.04,overcast clouds
38,Lagoa,PT,39.05,-27.9833,72.99,90,0,5.46,clear sky
39,Honiara,SB,-9.4333,159.95,81.23,78,78,5.28,broken clouds
40,Hamilton,US,39.1834,-84.5333,78.06,91,0,4.61,clear sky
41,Cabo San Lucas,MX,22.8909,-109.9124,80.51,79,83,3.0,broken clouds
42,Butaritari,KI,3.0707,172.7902,82.78,71,96,17.54,overcast clouds
43,Cape Town,ZA,-33.9258,18.4232,56.91,69,0,4.0,clear sky
44,Port Elizabeth,ZA,-33.918,25.5701,58.1,88,0,1.01,clear sky
45,Bilibino,RU,68.0546,166.4372,54.77,54,99,14.03,overcast clouds
46,Margate,GB,51.3813,1.3862,69.69,68,100,5.99,overcast clouds
47,Briancon,FR,44.9,6.65,79.5,48,0,2.24,clear sky
48,Mataura,NZ,-46.1927,168.8643,42.48,93,100,4.79,overcast clouds
49,Vaini,TO,-21.2,-175.2,71.76,88,20,9.22,few clouds
50,Werda,BW,-25.2667,23.2833,61.29,22,19,8.86,few clouds
51,Khasan,RU,42.4308,130.6434,71.56,89,37,8.48,scattered clouds
52,Nanortalik,GL,60.1432,-45.2371,45.99,86,100,2.08,overcast clouds
53,Khatanga,RU,71.9667,102.5,76.44,58,100,10.49,overcast clouds
54,Bengkulu,ID,-3.8004,102.2655,79.3,88,100,8.97,moderate rain
55,Samarai,PG,-10.6167,150.6667,79.03,83,81,15.19,broken clouds
56,Fairbanks,US,64.8378,-147.7164,64.36,59,0,4.61,clear sky
57,Hervey Bay,AU,-25.2986,152.8535,64.81,72,1,9.48,clear sky
58,Pevek,RU,69.7008,170.3133,37.65,83,93,11.23,overcast clouds
59,Olafsvik,IS,64.8945,-23.7142,50.9,75,99,5.37,overcast clouds
60,Killarney,IE,52.05,-9.5167,57.25,94,75,6.91,broken clouds
61,Klaksvik,FO,62.2266,-6.589,49.12,88,96,17.9,overcast clouds
62,Kaiserslautern,DE,49.45,7.75,81.14,31,0,0.0,clear sky
63,Erzin,TR,36.9559,36.2,90.93,20,0,4.88,clear sky
64,Albany,US,42.6001,-73.9662,73.38,91,100,5.88,overcast clouds
65,Lata,PT,40.1629,-8.3327,63.07,55,0,3.83,clear sky
66,Sao Filipe,CV,14.8961,-24.4956,78.17,84,87,7.34,light rain
67,Aykhal,RU,66.0,111.5,71.83,77,100,3.53,overcast clouds
68,Velasco Ibarra,EC,-1.05,-79.6167,70.84,77,100,6.08,overcast clouds
69,Karnobat,BG,42.65,26.9833,80.44,45,96,12.06,overcast clouds
70,San Cristobal,VE,7.7669,-72.225,63.66,94,100,2.53,overcast clouds
71,Umm Lajj,SA,25.0213,37.2685,91.78,54,0,15.64,clear sky
72,Kaitangata,NZ,-46.2817,169.8464,45.12,91,100,12.19,overcast clouds
73,Kemijarvi,FI,66.7131,27.4306,67.64,47,100,7.63,overcast clouds
74,Winton,US,37.3894,-120.6133,73.31,53,0,6.91,clear sky
75,Yining,CN,29.0361,114.5636,101.64,36,48,6.51,scattered clouds
76,Padang,ID,-0.9492,100.3543,73.45,95,100,7.09,moderate rain
77,Norman Wells,CA,65.282,-126.8329,53.64,76,40,4.61,scattered clouds
78,Sioux Lookout,CA,50.1001,-91.917,55.47,88,0,3.44,clear sky
79,Vallenar,CL,-28.5708,-70.7581,54.91,80,27,1.95,scattered clouds
80,Hilo,US,19.7297,-155.09,79.29,89,100,9.22,light rain
81,Barcelona,ES,41.3888,2.159,87.01,64,20,3.44,few clouds
82,Severo-Kurilsk,RU,50.6789,156.125,51.44,96,100,16.28,overcast clouds
83,Tuktoyaktuk,CA,69.4541,-133.0374,38.71,87,10,6.58,clear sky
84,Komsomolskiy,UZ,40.4272,71.7189,102.92,11,0,9.22,clear sky
85,Touros,BR,-5.1989,-35.4608,71.35,85,5,16.37,clear sky
86,Sfantu Gheorghe,RO,45.8667,25.7833,81.86,47,36,1.99,scattered clouds
87,Georgetown,MY,5.4112,100.3354,87.75,70,40,10.36,scattered clouds
88,Avarua,CK,-21.2078,-159.775,68.05,68,40,5.75,scattered clouds
89,Chokurdakh,RU,70.6333,147.9167,71.51,31,60,12.24,broken clouds
90,Sao Miguel Do Araguaia,BR,-13.275,-50.1628,68.22,47,0,5.68,clear sky
91,Novobohdanivka,UA,47.0819,35.3272,77.68,43,100,13.91,overcast clouds
92,Yenotayevka,RU,47.2456,47.0281,77.45,50,12,10.69,few clouds
93,Cidreira,BR,-30.1811,-50.2056,62.29,92,89,4.32,overcast clouds
94,Strezhevoy,RU,60.7333,77.5889,72.77,41,2,7.27,clear sky
95,Verkhoyansk,RU,67.5447,133.385,79.48,38,1,2.66,clear sky
96,San Patricio,US,28.017,-97.5169,84.88,81,0,10.96,clear sky
97,Richards Bay,ZA,-28.783,32.0377,63.86,50,94,16.17,overcast clouds
98,Cherskiy,RU,68.75,161.3,59.86,45,3,12.86,clear sky
99,Jamestown,US,42.097,-79.2353,71.24,84,100,4.61,overcast clouds
100,Nuuk,GL,64.1835,-51.7216,38.01,100,100,4.61,light snow
101,Soyo,AO,-6.1349,12.3689,73.18,79,99,1.16,overcast clouds
102,Ceres,US,37.5949,-120.9577,74.05,53,0,5.75,clear sky
103,Puerto Madero,MX,14.7208,-92.4215,77.49,78,22,3.91,few clouds
104,Mount Gambier,AU,-37.8333,140.7667,49.51,89,98,14.34,overcast clouds
105,Swan Hill,AU,-35.3378,143.5544,56.41,73,34,8.23,scattered clouds
106,Qaanaaq,GL,77.484,-69.3632,38.68,92,99,5.17,overcast clouds
107,Mahibadhoo,MV,3.7833,72.9667,82.71,71,14,10.69,few clouds
108,Harda,IN,22.3333,77.1,78.85,85,100,9.73,overcast clouds
109,Port Blair,IN,11.6667,92.75,86.04,74,40,9.22,scattered clouds
110,Baker City,US,44.7749,-117.8344,66.65,63,0,3.44,clear sky
111,Igarka,RU,67.4667,86.5833,66.02,52,100,24.25,overcast clouds
112,Guadalupe Y Calvo,MX,26.1,-106.9667,52.0,94,24,4.63,few clouds
113,Anadyr,RU,64.75,177.4833,54.1,58,20,2.24,few clouds
114,Mufulira,ZM,-12.5498,28.2407,71.83,37,36,9.46,scattered clouds
115,Pemangkat,ID,1.1667,108.9667,83.44,76,97,4.79,light rain
116,Castro,BR,-24.7911,-50.0119,54.82,76,100,2.01,overcast clouds
117,Chuy,UY,-33.6971,-53.4616,58.68,97,100,3.38,heavy intensity rain
118,Provideniya,RU,64.3833,-173.3,43.5,87,100,7.58,overcast clouds
119,Yellowknife,CA,62.456,-114.3525,57.72,94,75,9.22,light intensity shower rain
120,Hermanus,ZA,-34.4187,19.2345,57.79,61,0,10.8,clear sky
121,Barrow,US,71.2906,-156.7887,41.02,87,100,11.5,overcast clouds
122,Saskylakh,RU,71.9167,114.0833,78.98,39,100,10.38,overcast clouds
123,Nara,JP,34.6851,135.8049,95.92,51,40,5.3,scattered clouds
124,Saint-Philippe,RE,-21.3585,55.7679,76.59,70,23,9.75,few clouds
125,Thompson,CA,55.7435,-97.8558,48.36,81,40,0.0,scattered clouds
126,Birao,CF,10.2849,22.7882,82.33,66,100,5.37,overcast clouds
127,Dikson,RU,73.5069,80.5464,55.62,62,53,22.57,broken clouds
128,Teahupoo,PF,-17.8333,-149.2667,67.96,81,36,12.21,moderate rain
129,Najran,SA,17.4924,44.1277,83.05,38,100,6.91,overcast clouds
130,Palasbari,IN,26.1361,91.5486,82.45,74,75,0.0,haze
131,Lebu,CL,-37.6167,-73.65,53.28,89,100,15.1,light rain
132,Pandharpur,IN,17.6667,75.3333,81.77,63,100,11.83,overcast clouds
133,Tokmak,UA,47.2514,35.7058,81.66,38,100,12.8,overcast clouds
134,Nikolskoye,RU,59.7035,30.7861,70.88,75,94,6.24,overcast clouds
135,Bandarbeyla,SO,9.4942,50.8122,88.65,44,79,29.15,broken clouds
136,Los Llanos De Aridane,ES,28.6585,-17.9182,69.55,88,0,12.66,clear sky
137,Lompoc,US,34.6391,-120.4579,56.57,88,100,8.99,mist
138,Hithadhoo,MV,-0.6,73.0833,82.31,72,7,9.98,clear sky
139,Russell,US,32.3502,-85.1999,74.8,94,0,3.44,clear sky
140,Sibolga,ID,1.7427,98.7792,74.66,96,100,4.43,overcast clouds
141,Lavrentiya,RU,65.5833,-171.0,41.99,90,100,11.01,overcast clouds
142,Araouane,ML,18.9048,-3.5265,89.53,42,44,10.94,scattered clouds
143,Ola,RU,59.5833,151.2833,64.15,77,91,5.97,overcast clouds
144,Bereda,ES,43.2686,-7.5406,67.41,100,90,1.81,overcast clouds
145,Rosario,AR,-32.9468,-60.6393,59.95,99,100,5.75,fog
146,Port Augusta,AU,-32.5,137.7667,56.17,48,9,10.4,clear sky
147,Asau,RO,46.4333,26.4,72.52,60,57,3.47,broken clouds
148,Aksarka,RU,66.5606,67.7975,57.99,52,82,16.2,broken clouds
149,Kendari,ID,-3.945,122.4989,79.97,82,55,4.72,broken clouds
150,Karratha,AU,-20.7377,116.8463,75.31,38,0,14.12,clear sky
151,Gizo,SB,-8.103,156.8419,82.76,76,16,6.85,light rain
152,Saint George,US,37.1041,-113.5841,90.19,33,0,5.75,clear sky
153,Sharan,RU,54.8167,54.0,80.15,55,13,4.81,few clouds
154,Camacha,PT,33.0833,-16.3333,69.22,88,20,13.8,few clouds
155,Viedma,AR,-40.8135,-62.9967,45.21,75,100,10.49,moderate rain
156,Tilichiki,RU,60.4667,166.1,56.17,75,100,7.96,light rain
157,North Bend,US,43.4065,-124.2243,56.91,99,100,9.22,mist
158,Qinhuangdao,CN,39.9317,119.5883,84.88,65,100,15.03,overcast clouds
159,Tautira,PF,-17.7333,-149.15,77.47,81,29,11.77,moderate rain
160,Tasiilaq,GL,65.6145,-37.6368,42.96,88,100,2.39,overcast clouds
161,Moron,AR,-34.6534,-58.6198,56.89,97,100,9.89,overcast clouds
162,Torbay,CA,47.6666,-52.7314,68.88,83,75,13.8,broken clouds
163,Ayios Nikolaos,GR,38.4167,23.65,94.75,35,20,4.61,few clouds
164,East London,ZA,-33.0153,27.9116,58.14,67,0,5.75,clear sky
165,Flinders,AU,-34.5833,150.8552,60.39,77,37,9.01,scattered clouds
166,Saldanha,ZA,-33.0117,17.9442,53.65,47,0,10.25,clear sky
167,Sangar,RU,63.9242,127.4739,76.59,53,9,2.51,clear sky
168,Urumqi,CN,43.801,87.6005,88.75,21,0,8.95,clear sky
169,Florence,IT,43.7667,11.25,88.79,77,0,1.14,clear sky
170,Alta Floresta,BR,-9.8756,-56.0861,65.53,58,9,2.53,clear sky
171,Ribeira Grande,PT,38.5167,-28.7,73.8,88,75,2.3,broken clouds
172,Presidencia Roque Saenz Pena,AR,-26.7852,-60.4388,77.54,45,100,8.08,light rain
173,Sitka,US,57.0531,-135.33,55.29,94,100,3.44,light intensity drizzle
174,Annau,TM,37.8876,58.516,94.5,29,20,9.22,few clouds
175,Hasilpur,PK,29.7122,72.5553,98.78,42,71,12.03,broken clouds
176,Kuytun,RU,54.3419,101.5036,75.51,46,100,4.92,overcast clouds
177,Keuruu,FI,62.2667,24.7,68.18,48,57,5.64,broken clouds
178,Craigieburn,AU,-37.6,144.95,54.5,88,75,23.02,broken clouds
179,Kirkuk,IQ,35.4681,44.3922,100.33,8,0,6.73,clear sky
180,Balikpapan,ID,-1.2675,116.8289,77.99,94,75,4.61,moderate rain
181,Mendi,PG,-6.1761,143.6513,59.18,98,100,1.54,overcast clouds
182,Caraballeda,VE,10.6112,-66.8522,73.47,78,75,0.0,broken clouds
183,Lukulu,ZM,-14.3707,23.242,76.21,26,0,10.29,clear sky
184,Khandyga,RU,62.6667,135.6,73.63,57,89,8.66,overcast clouds
185,Kargasok,RU,59.0556,80.8572,56.37,90,100,6.6,overcast clouds
186,Souillac,MU,-20.5167,57.5167,73.78,68,40,11.5,scattered clouds
187,Kangaatsiaq,GL,68.3065,-53.4641,40.05,93,100,4.03,overcast clouds
188,Tarnos,FR,43.5417,-1.4628,74.59,73,75,11.5,broken clouds
189,Ewa Beach,US,21.3156,-158.0072,78.75,64,0,15.01,clear sky
190,Shirvan,AZ,39.9509,48.8994,82.65,40,40,9.53,scattered clouds
191,Bethel,US,41.3712,-73.414,79.75,90,100,6.04,overcast clouds
192,Burnie,AU,-41.0667,145.9167,55.92,83,100,10.27,overcast clouds
193,Dafeng,CN,23.4517,108.5881,97.43,42,0,5.88,clear sky
194,Rivera,UY,-30.9053,-55.5508,64.0,96,94,5.21,overcast clouds
195,Great Bend,US,38.3645,-98.7648,74.03,65,0,16.11,clear sky
196,Yumen,CN,40.2833,97.2,94.82,13,79,10.96,broken clouds
197,Kommunisticheskiy,RU,61.6789,64.4819,72.93,36,45,4.97,scattered clouds
198,Nedumangad,IN,8.6,77.0,81.68,83,40,11.5,scattered clouds
199,Kodiak,US,57.79,-152.4072,56.71,82,75,11.5,broken clouds
200,Jining,CN,35.405,116.5814,89.28,56,0,9.75,clear sky
201,Nome,US,64.5011,-165.4064,55.47,68,100,5.75,overcast clouds
202,Lilongwe,MW,-13.9669,33.7873,68.2,59,75,13.8,broken clouds
203,Hirara,JP,24.8,125.2833,91.26,70,40,9.22,scattered clouds
204,Vila,PT,42.0304,-8.1588,59.88,56,23,4.76,few clouds
205,Cabra,ES,37.4725,-4.4421,90.52,14,98,2.68,overcast clouds
206,Namatanai,PG,-3.6667,152.4333,81.19,81,22,11.5,few clouds
207,Orebro,SE,59.2741,15.2066,66.92,51,100,9.22,light intensity drizzle
208,Key Largo,US,25.0865,-80.4473,83.98,67,83,18.14,broken clouds
209,Winnemucca,US,40.973,-117.7357,78.85,11,0,18.41,clear sky
210,Buraydah,SA,26.326,43.975,100.85,11,1,12.15,clear sky
211,Barao De Melgaco,BR,-16.1944,-55.9675,69.58,43,0,2.55,clear sky
212,Sorland,NO,67.667,12.6934,55.26,82,75,20.71,light rain
213,Rio Grande,BR,-32.035,-52.0986,58.95,99,99,6.49,overcast clouds
214,Narsaq,GL,60.9167,-46.05,50.22,68,97,3.02,overcast clouds
215,Waingapu,ID,-9.6567,120.2641,80.56,58,61,16.93,broken clouds
216,Antofagasta,CL,-23.65,-70.4,56.48,83,2,1.92,clear sky
217,Husavik,IS,66.0449,-17.3389,49.35,80,66,2.77,broken clouds
218,Minab,IR,27.1467,57.0801,99.45,51,19,17.22,few clouds
219,Lindi,TZ,-10.0,39.7167,84.94,42,0,7.56,clear sky
220,Quelimane,MZ,-17.8786,36.8883,69.75,88,40,2.3,scattered clouds
221,Tambovka,RU,50.0969,128.0489,83.77,46,45,7.49,scattered clouds
222,Erdenet,MN,49.0333,104.0833,69.1,44,2,3.56,clear sky
223,Kroonstad,ZA,-27.6504,27.2349,49.77,24,0,6.44,clear sky
224,Adrar,MR,20.5022,-10.0711,89.89,38,0,17.76,clear sky
225,Upernavik,GL,72.7868,-56.1549,38.97,94,100,8.63,overcast clouds
226,Nelson Bay,AU,-32.7167,152.15,61.0,92,64,5.99,broken clouds
227,Jumla,NP,29.2747,82.1838,71.55,73,78,4.56,broken clouds
228,Pisco,PE,-13.7,-76.2167,55.02,87,28,1.14,smoke
229,Carnarvon,AU,-24.8667,113.6333,70.21,29,0,8.57,clear sky
230,Yar-Sale,RU,66.8333,70.8333,57.42,59,100,11.45,overcast clouds
231,Basoko,CD,1.2391,23.616,80.64,72,85,1.1,overcast clouds
232,Walvis Bay,NA,-22.9575,14.5053,53.1,100,100,1.14,fog
233,Oster,UA,50.9506,30.8823,71.8,58,96,12.03,overcast clouds
234,Constitucion,CL,-35.3333,-72.4167,52.72,89,100,12.19,overcast clouds
235,Masuguru,TZ,-11.3667,38.4167,82.45,45,18,5.53,few clouds
236,Naze,JP,28.3667,129.4833,81.52,75,98,3.44,overcast clouds
237,Kavieng,PG,-2.5744,150.7967,82.94,75,7,8.81,light rain
238,Isangel,VU,-19.55,169.2667,77.38,84,79,3.13,broken clouds
239,Rawson,AR,-43.3002,-65.1023,40.98,78,100,8.3,overcast clouds
240,Skelleftea,SE,64.7507,20.9528,64.76,77,0,4.61,clear sky
241,Riverton,US,40.5219,-111.9391,76.24,60,0,5.99,clear sky
242,Kologriv,RU,58.8275,44.3178,82.42,40,17,4.43,few clouds
243,Noumea,NC,-22.2763,166.4572,67.98,80,62,6.55,broken clouds
244,Yeppoon,AU,-23.1333,150.7333,67.78,85,3,6.22,clear sky
245,Benguela,AO,-12.5763,13.4055,71.49,80,15,3.36,few clouds
246,Mar Del Plata,AR,-38.0023,-57.5575,50.09,95,100,11.5,overcast clouds
247,Novoagansk,RU,61.9449,76.6625,71.53,44,22,12.68,few clouds
248,Pingliang,CN,35.5392,106.6861,90.95,37,0,13.47,clear sky
249,Oyem,GA,1.5995,11.5793,69.75,93,97,3.36,overcast clouds
250,Esso,RU,55.9333,158.7,58.23,80,100,3.4,overcast clouds
251,New Norfolk,AU,-42.7826,147.0587,54.91,84,100,3.33,overcast clouds
252,Ambad,IN,19.6167,75.8,83.17,60,100,12.12,overcast clouds
253,Ust-Tsilma,RU,65.441,52.1498,62.8,43,86,10.47,overcast clouds
254,Zwedru,LR,6.0667,-8.1281,69.96,88,79,0.96,broken clouds
255,Akyab,MM,20.15,92.9,84.09,72,96,6.15,overcast clouds
256,Iqaluit,CA,63.7506,-68.5145,40.73,93,20,4.61,few clouds
257,Le Vauclin,MQ,14.5452,-60.8388,79.84,94,75,6.91,broken clouds
258,Mubi,NG,10.2676,13.2644,79.23,72,100,5.82,overcast clouds
259,Acajutla,SV,13.5928,-89.8275,76.48,84,93,5.97,overcast clouds
260,Nerchinskiy Zavod,RU,51.3088,119.61,76.96,60,99,4.07,overcast clouds
261,Mersing,MY,2.4312,103.8405,89.51,62,40,8.05,scattered clouds
262,Nalgonda,IN,17.05,79.2667,85.57,60,100,10.74,overcast clouds
263,Vila Franca Do Campo,PT,37.7167,-25.4333,75.2,87,48,3.65,scattered clouds
264,Faya,SA,18.3851,42.4509,75.31,57,96,6.02,overcast clouds
265,Beyneu,KZ,45.3167,55.2,82.9,39,91,2.91,overcast clouds
266,Barentu,ER,15.1139,37.5928,74.86,63,100,6.55,overcast clouds
267,Jacareacanga,BR,-6.2222,-57.7528,69.82,63,1,1.21,clear sky
268,Tam Ky,VN,15.5667,108.4833,89.11,60,13,10.45,few clouds
269,Cukai,MY,4.25,103.4167,89.55,67,100,5.55,overcast clouds
270,Port-Gentil,GA,-0.7193,8.7815,76.96,78,75,9.22,broken clouds
271,Puerto Ayacucho,VE,5.6639,-67.6236,73.29,96,100,3.49,moderate rain
272,Ulvik,NO,60.5672,6.9187,63.59,85,86,3.87,overcast clouds
273,Chubbuck,US,42.9208,-112.4661,67.46,34,0,5.75,clear sky
274,Muravlenko,RU,63.7898,74.523,57.47,63,96,15.46,overcast clouds
275,Bud,US,39.447,-86.1758,73.67,96,43,6.2,scattered clouds
276,Mayumba,GA,-3.432,10.6554,72.81,83,96,1.95,overcast clouds
277,Westport,US,41.1415,-73.3579,81.01,88,0,12.66,clear sky
278,Ancud,CL,-41.8697,-73.8203,43.23,89,100,9.95,light rain
279,Syava,RU,58.0146,46.3222,83.1,43,1,4.41,clear sky
280,Alice Springs,AU,-23.7,133.8833,69.35,32,0,9.22,clear sky
281,Crixas,BR,-14.5489,-49.9692,67.37,51,0,5.32,clear sky
282,Wanning,CN,18.8003,110.3967,88.05,67,12,6.89,few clouds
283,Ilhabela,BR,-23.7781,-45.3581,66.52,70,100,1.66,overcast clouds
284,Altamira,BR,-3.2033,-52.2064,70.65,76,2,1.83,clear sky
285,Atbasar,KZ,51.8,68.3333,85.5,29,43,6.24,scattered clouds
286,Tiksi,RU,71.6872,128.8694,49.91,75,88,2.17,overcast clouds
287,Baykit,RU,61.67,96.37,77.05,37,95,5.32,overcast clouds
288,Diego De Almagro,CL,-26.3667,-70.05,52.11,58,0,2.98,clear sky
289,Cayenne,GF,4.9333,-52.3333,78.1,1,100,0.0,overcast clouds
290,Sambava,MG,-14.2667,50.1667,75.25,66,32,11.83,scattered clouds
291,Clyde River,CA,70.4692,-68.5914,43.03,93,100,9.22,overcast clouds
292,Nizhniy Tsasuchey,RU,50.5167,115.1333,78.01,55,14,13.89,light rain
293,Devils Lake,US,48.1128,-98.8651,57.18,94,0,5.75,clear sky
294,Hwange,ZW,-18.3693,26.5019,75.07,26,0,7.65,clear sky
295,Soroti,UG,1.7146,33.6111,71.35,72,100,3.11,overcast clouds
296,Miyako,JP,39.6367,141.9525,75.09,81,13,1.95,few clouds
297,Caravelas,BR,-17.7125,-39.2481,67.89,82,10,6.33,clear sky
298,Southbridge,US,42.0751,-72.0334,79.09,92,100,8.81,overcast clouds
299,Balkhash,KZ,46.844,74.9804,84.81,15,0,13.42,clear sky
300,Carndonagh,IE,55.25,-7.2667,56.82,94,100,19.42,overcast clouds
301,Ichnya,UA,50.8626,32.3942,66.74,77,100,12.28,overcast clouds
302,Tanout,NE,14.9709,8.8879,89.82,42,26,17.29,scattered clouds
303,Yangjiang,CN,21.85,111.9667,92.61,63,8,8.7,clear sky
304,Ayan,RU,56.45,138.1667,57.06,91,92,17.27,overcast clouds
305,Juneau,US,58.3019,-134.4197,58.84,98,100,9.22,light rain
306,Dalby,AU,-27.1833,151.2667,60.67,64,0,5.3,clear sky
307,Kimbe,PG,-5.5502,150.1429,82.44,71,23,8.05,few clouds
308,Batagay-Alyta,RU,67.8006,130.4114,75.58,40,54,6.2,broken clouds
309,Porterville,US,36.0652,-119.0168,76.42,33,0,6.91,clear sky
310,Davidson,US,36.1501,-86.7833,81.19,80,0,5.75,haze
311,Nouakchott,MR,18.0858,-15.9785,80.53,82,1,19.22,clear sky
312,Lorengau,PG,-2.0226,147.2712,83.32,75,14,8.03,few clouds
313,Faanui,PF,-16.4833,-151.75,76.5,82,42,8.63,moderate rain
314,Axim,GH,4.8699,-2.2405,76.64,73,60,5.91,broken clouds
315,Nemuro,JP,43.3236,145.575,65.66,85,7,5.84,clear sky
316,Sisimiut,GL,66.9395,-53.6735,46.06,82,99,8.95,overcast clouds
317,Markova,UA,48.6758,24.4138,71.6,48,40,4.23,scattered clouds
318,Maniitsoq,GL,65.4167,-52.9,42.33,86,64,4.07,broken clouds
319,Plettenberg Bay,ZA,-34.0527,23.3716,58.68,57,0,4.63,clear sky
320,Grand-Santi,GF,4.25,-54.3833,71.44,100,92,2.35,overcast clouds
321,Kindu,CD,-2.95,25.95,85.23,51,88,1.95,overcast clouds
322,Cabedelo,BR,-6.9811,-34.8339,70.47,85,26,13.38,scattered clouds
323,Bundaberg,AU,-24.85,152.35,65.21,77,6,1.01,clear sky
324,Atar,MR,20.5169,-13.0499,88.61,41,0,1.01,clear sky
325,Coromandel,BR,-18.4733,-47.2003,57.63,65,5,4.07,clear sky
326,Mhango,TZ,-3.2833,32.85,77.77,38,91,10.8,overcast clouds
327,Chaoyang,CN,41.5703,120.4586,90.57,48,21,16.8,few clouds
328,Kaeo,NZ,-35.1,173.7833,63.32,97,77,15.52,broken clouds
329,Nizhnyaya Omka,RU,55.4338,74.9426,73.65,51,22,7.56,few clouds
330,Garowe,SO,8.4054,48.4845,86.76,32,45,30.0,scattered clouds
331,Port Hardy,CA,50.6996,-127.4199,57.38,94,20,4.61,few clouds
332,Broken Hill,AU,-31.95,141.4333,57.6,55,16,20.38,few clouds
333,Prado,BR,-17.3411,-39.2208,68.67,82,66,7.38,broken clouds
334,College,US,64.8569,-147.8028,64.35,57,75,4.61,broken clouds
335,Gushikawa,JP,26.3544,127.8686,90.99,62,0,8.05,clear sky
336,Mount Pleasant,US,32.7941,-79.8626,82.0,87,0,8.05,clear sky
337,Atikokan,CA,48.7555,-91.6216,53.51,79,82,7.76,broken clouds
338,Half Moon Bay,US,37.4636,-122.4286,60.42,90,100,10.36,mist
339,Dubti,ET,11.7361,41.0853,87.21,47,100,9.28,overcast clouds
340,Ilam,NP,26.9167,87.9167,75.54,86,92,4.23,overcast clouds
341,Dvorichna,UA,49.8496,37.6857,76.33,58,98,14.9,overcast clouds
342,Kelvington,CA,52.1667,-103.5343,56.44,87,100,8.34,light rain
343,Grande Prairie,CA,55.1667,-118.8027,60.98,82,75,4.61,broken clouds
344,Puerto Del Rosario,ES,28.5004,-13.8627,76.75,78,0,2.3,clear sky
345,Portland,US,45.5234,-122.6762,75.13,64,0,3.44,clear sky
346,Ponta Do Sol,PT,32.6667,-17.1,84.83,37,19,4.03,few clouds
347,Abancay,PE,-13.6339,-72.8814,55.17,83,84,2.55,broken clouds
348,The Pas,CA,53.8251,-101.2541,62.62,77,100,6.91,overcast clouds
349,Lazaro Cardenas,MX,17.9583,-102.2,76.14,88,100,5.06,overcast clouds
350,Pacific Grove,US,36.6177,-121.9166,55.51,92,83,4.0,broken clouds
351,Gazli,UZ,40.1333,63.45,108.77,11,0,14.99,clear sky
352,Qaqortoq,GL,60.7167,-46.0333,46.29,85,100,4.68,overcast clouds
353,Hambantota,LK,6.1241,81.1185,93.54,59,20,4.61,few clouds
354,Buedu,SL,8.2803,-10.3719,68.5,98,100,1.41,overcast clouds
355,Luanda,AO,-8.8368,13.2343,71.6,88,100,3.44,mist
356,Le Pradet,FR,43.1066,6.0172,88.68,68,0,3.44,clear sky
357,Whitecourt,CA,54.1502,-115.6855,58.68,73,100,3.49,overcast clouds
358,Kamenka,RU,51.3223,42.7678,79.05,52,84,4.41,light rain
359,Srednekolymsk,RU,67.45,153.6833,67.68,31,86,14.7,overcast clouds
360,Huruta,ET,8.15,39.35,72.86,51,83,11.52,light rain
361,Pulandian,CN,39.3953,121.9669,85.75,65,62,9.24,broken clouds
362,Salinas,US,36.6777,-121.6555,56.98,83,48,2.75,scattered clouds
363,Tucuman,AR,-26.8241,-65.2226,60.8,82,0,4.61,clear sky
364,Oktyabrskiy,RU,54.4815,53.471,81.0,51,61,5.35,broken clouds
365,Matara,LK,5.9485,80.5353,85.68,66,47,15.9,scattered clouds
366,Ronneby,SE,56.21,15.276,68.5,77,0,8.05,clear sky
367,Gubkinskiy,RU,64.434,76.5026,59.41,62,100,11.18,overcast clouds
368,Waipawa,NZ,-41.4122,175.5153,47.57,92,100,18.88,light rain
369,Zyryanka,RU,65.75,150.85,75.99,29,80,8.79,broken clouds
370,Roald,NO,62.5833,6.1333,67.15,77,75,4.61,broken clouds
371,Miri,MY,4.4148,114.0089,80.74,94,40,3.44,light rain
372,Kruisfontein,ZA,-34.0033,24.7314,56.88,67,0,6.42,clear sky
373,Olga,RU,43.7444,135.2892,71.35,79,8,7.25,clear sky
374,Muros,ES,42.7762,-9.0603,76.15,83,20,2.8,few clouds
375,Olavarria,AR,-36.8927,-60.3225,49.01,87,100,10.74,overcast clouds
376,Shimoda,JP,34.6667,138.95,83.1,89,100,7.87,moderate rain
377,Gevrai,IN,19.2667,75.75,83.95,58,100,13.51,overcast clouds
378,Sao Gabriel Da Cachoeira,BR,-0.1303,-67.0892,71.4,99,100,1.66,moderate rain
379,Parrita,CR,9.5201,-84.3225,75.27,83,54,5.21,broken clouds
380,Xicotencatl,MX,23.0167,-98.8833,79.48,90,90,2.64,overcast clouds
381,Sibu,MY,2.3,111.8167,79.11,83,40,6.91,thunderstorm
382,Poum,NC,-20.2333,164.0167,73.65,76,0,19.39,clear sky
383,Willmar,US,45.1219,-95.0433,59.02,88,0,0.0,clear sky
384,Nicoya,CR,10.1483,-85.452,71.91,93,87,2.15,overcast clouds
385,Vryburg,ZA,-26.9566,24.7284,50.43,30,0,4.59,clear sky
386,Esperance,AU,-33.8667,121.9,61.0,51,1,9.44,clear sky
387,Kitimat,CA,54.0524,-128.6534,61.18,25,100,0.07,overcast clouds
388,Kavaratti,IN,10.5669,72.642,82.22,75,98,14.76,moderate rain
389,Mayo,US,38.8876,-76.5119,83.98,77,96,5.01,overcast clouds
390,Kiruna,SE,67.8557,20.2251,52.72,87,75,9.22,light rain
391,Kirakira,SB,-10.4544,161.9205,80.11,81,15,8.66,few clouds
392,Trairi,BR,-3.2778,-39.2689,76.08,71,95,10.67,overcast clouds
393,Lipetsk,RU,52.6031,39.5708,78.84,54,37,7.49,light rain
394,Kaniama,CD,-7.5667,24.1833,83.44,27,64,8.7,broken clouds
395,Shache,CN,38.4167,77.2406,105.1,9,37,13.6,scattered clouds
396,Sapele,NG,5.8941,5.6767,76.24,89,94,3.58,moderate rain
397,Den Helder,NL,52.9599,4.7593,69.96,84,75,13.0,broken clouds
398,San Rafael,AR,-34.6177,-68.3301,51.03,88,100,7.0,overcast clouds
399,Mount Isa,AU,-20.7333,139.5,83.97,18,0,9.22,clear sky
400,Matoury,GF,4.8483,-52.3317,78.03,100,100,0.0,overcast clouds
401,Kenai,US,60.5544,-151.2583,60.03,81,100,0.0,overcast clouds
402,Okato,NZ,-39.2,173.8833,50.68,91,100,22.73,light rain
403,Kanigoro,ID,-8.13,112.219,80.11,56,79,10.71,broken clouds
404,Milkovo,RU,54.7167,158.6167,59.95,74,100,2.39,overcast clouds
405,Mitsamiouli,KM,-11.3847,43.2844,80.89,65,20,6.91,few clouds
406,Rovaniemi,FI,66.5,25.7167,65.61,59,0,6.91,clear sky
407,San Quintin,MX,30.4833,-115.95,67.12,86,99,10.31,overcast clouds
408,Marinette,US,45.1,-87.6307,61.25,72,0,3.44,clear sky
409,Talnakh,RU,69.4865,88.3972,63.21,51,100,27.56,overcast clouds
410,Smithers,CA,54.7804,-127.1743,55.72,94,40,0.0,scattered clouds
411,Flin Flon,CA,54.7682,-101.865,57.7,94,100,5.28,overcast clouds
412,Ballina,AU,-28.8667,153.5667,60.01,89,42,4.97,scattered clouds
413,Waddan,LY,29.1614,16.139,86.76,31,2,14.9,clear sky
414,Arman,RU,59.7,150.1667,64.02,78,84,5.59,broken clouds
415,Neuquen,AR,-38.9516,-68.0591,44.49,100,75,5.75,light intensity drizzle
416,Betare Oya,CM,5.6,14.0833,68.88,97,100,2.57,overcast clouds
417,Jagannathpur,IN,22.2333,85.65,85.33,68,100,10.45,overcast clouds
418,Micheweni,TZ,-4.9667,39.8333,79.45,64,9,11.81,clear sky
419,Saint Augustine,US,29.8947,-81.3145,78.03,99,9,6.46,clear sky
420,Petropavlovsk-Kamchatskiy,RU,53.0452,158.6483,57.79,77,75,8.95,broken clouds
421,Inhambane,MZ,-23.865,35.3833,71.58,60,40,11.99,scattered clouds
422,Panguna,PG,-6.3164,155.4848,70.43,96,25,3.09,light rain
423,Tuatapere,NZ,-46.1333,167.6833,43.07,87,100,1.66,overcast clouds
424,Aksha,RU,50.2814,113.2867,80.28,40,17,8.43,few clouds
425,Puerto Escondido,MX,15.85,-97.0667,76.89,81,69,4.79,broken clouds
426,Mehamn,NO,71.0357,27.8492,53.55,71,0,4.61,clear sky
427,Vila Velha,BR,-20.3297,-40.2925,67.95,92,75,2.3,broken clouds
428,Brae,GB,60.3964,-1.353,52.16,87,100,22.73,overcast clouds
429,Marsa Matruh,EG,31.3525,27.2453,80.8,69,0,9.22,clear sky
430,Skjervoy,NO,70.0311,20.9714,57.2,77,93,14.41,overcast clouds
431,Isla Mujeres,MX,21.2311,-86.731,82.17,80,59,10.6,broken clouds
432,Vanimo,PG,-2.6741,141.3028,81.46,85,58,9.01,heavy intensity rain
433,Chingirlau,KZ,51.095,54.0814,80.1,43,58,6.78,light rain
434,Taganak,PH,6.0833,118.3,89.74,73,100,8.75,overcast clouds
435,Mashhad,IR,36.297,59.6062,95.14,29,0,13.8,clear sky
436,Magdagachi,RU,53.45,125.8,87.55,32,15,3.42,few clouds
437,Pokhara,NP,28.2333,83.9833,82.31,72,90,3.91,overcast clouds
438,Gat,IL,31.61,34.7642,90.79,19,0,7.36,clear sky
439,Paamiut,GL,61.994,-49.6678,43.57,80,14,2.01,few clouds
440,Katsuura,JP,35.1333,140.3,86.02,88,100,15.3,overcast clouds
441,Kawalu,ID,-7.3817,108.2082,79.45,58,100,7.02,overcast clouds
442,Springdale,US,36.1867,-94.1288,84.33,66,0,4.61,clear sky
443,Lisakovsk,KZ,52.5369,62.4936,90.82,21,93,14.54,overcast clouds
444,Mocuba,MZ,-16.8392,36.9856,75.9,56,0,3.56,clear sky
445,Saint-Joseph,RE,-21.3667,55.6167,75.58,68,12,10.18,few clouds
446,Ilulissat,GL,69.2167,-51.1,36.79,98,100,1.61,overcast clouds
447,Te Anau,NZ,-45.4167,167.7167,38.98,89,100,3.58,overcast clouds
448,Vaitape,PF,-16.5167,-151.75,76.46,82,46,8.57,moderate rain
449,Bakel,SN,14.905,-12.4568,77.9,77,100,6.04,light rain
450,Yaguajay,CU,22.3272,-79.2378,77.38,86,62,9.8,broken clouds
451,Ixtapa,MX,20.7,-105.2,78.22,90,100,1.83,overcast clouds
452,Derzhavinsk,KZ,51.1,66.3167,87.84,22,26,4.56,scattered clouds
453,Domingos Martins,BR,-20.3633,-40.6592,61.61,94,0,2.91,clear sky
454,Mimoso Do Sul,BR,-21.0642,-41.3664,62.17,96,3,2.55,clear sky
455,Pasighat,IN,28.0667,95.3333,87.33,73,52,4.65,broken clouds
456,Jinchang,CN,38.4953,102.1739,95.29,13,29,8.68,scattered clouds
457,Haines Junction,CA,60.7522,-137.5108,53.55,82,100,1.14,overcast clouds
458,Laguna,US,38.421,-121.4238,76.44,64,0,4.61,clear sky
459,Le Port,RE,-20.9373,55.2919,77.0,58,32,1.83,scattered clouds
460,Dingzhou,CN,38.5131,114.9956,87.91,40,100,12.68,overcast clouds
461,Elblag,PL,54.1522,19.4088,78.94,49,76,5.3,broken clouds
462,Rudnogorsk,RU,57.2639,103.7519,71.15,62,100,3.94,overcast clouds
463,Tikrit,IQ,34.6071,43.6782,102.07,8,0,5.14,clear sky
464,Meadow Lake,US,34.8014,-106.5436,77.4,48,90,8.08,overcast clouds
465,Rusape,ZW,-18.5278,32.1284,64.67,31,0,10.94,clear sky
466,Kamakwie,SL,9.5,-12.2333,71.62,98,100,3.74,moderate rain
467,Maumere,ID,-8.6199,122.2111,78.67,67,38,8.86,scattered clouds
468,Maizuru,JP,35.45,135.3333,87.84,83,60,3.62,broken clouds
469,Kyshtovka,RU,56.555,76.6271,67.48,70,71,5.46,broken clouds
470,Gerash,IR,27.6652,54.1371,98.74,22,47,3.67,scattered clouds
471,Tecate,MX,32.5667,-116.6333,72.54,87,8,1.81,clear sky
472,Tecoanapa,MX,16.5167,-98.75,75.2,91,100,5.77,overcast clouds
473,Sept-Iles,CA,50.2001,-66.3821,63.12,95,100,4.61,overcast clouds
474,Bambanglipuro,ID,-7.95,110.2833,79.72,60,98,16.24,overcast clouds
475,Okuchi,JP,32.0667,130.6167,90.28,69,41,3.94,scattered clouds
476,Magan,ES,39.9683,-3.931,87.53,18,17,7.27,few clouds
477,Aswan,EG,24.0934,32.907,92.5,18,0,8.05,clear sky
478,Killybegs,IE,54.6333,-8.45,56.91,87,100,21.0,overcast clouds
479,Isiro,CD,2.7739,27.616,75.58,77,93,2.06,overcast clouds
480,Seymchan,RU,62.8833,152.4333,72.1,33,39,3.6,scattered clouds
481,Ko Samui,TH,9.5357,99.9357,89.51,62,20,8.05,few clouds
482,Kuala Terengganu,MY,5.3302,103.1408,89.55,66,20,7.0,few clouds
483,Buala,SB,-8.145,159.5921,81.21,78,55,7.23,broken clouds
484,Sandpoint,US,48.2766,-116.5533,64.02,74,0,0.0,clear sky
485,Dingle,PH,10.9995,122.6711,82.69,81,100,1.66,overcast clouds
486,Yaan,NG,7.3833,8.5667,75.45,90,99,8.28,overcast clouds
487,Ler,SS,8.3018,30.1418,85.15,61,83,6.33,broken clouds
488,Coquimbo,CL,-29.9533,-71.3436,53.33,82,100,10.36,overcast clouds
489,Ostersund,SE,63.1792,14.6357,64.62,82,0,12.66,clear sky
490,Oyek,RU,52.5861,104.4556,68.38,92,100,1.99,moderate rain
491,Prince Rupert,CA,54.3161,-130.3201,57.29,100,100,9.22,mist
492,Fare,PF,-16.7,-151.0167,76.77,82,43,9.28,moderate rain
493,Irmo,US,34.086,-81.1832,74.71,71,0,3.44,clear sky
494,Kalaleh,IR,37.3807,55.4916,74.8,88,100,9.22,overcast clouds
495,Townsville,AU,-19.25,146.8,68.88,73,1,10.36,clear sky
496,Iralaya,HN,15.0,-83.2333,77.54,86,8,5.97,clear sky
497,Kurumkan,RU,54.3,110.3,72.12,75,84,6.78,light rain
498,Burns Lake,CA,54.2331,-125.7533,53.02,93,58,2.8,broken clouds
499,Pudozh,RU,61.8099,36.5345,59.81,92,100,5.66,overcast clouds
500,Sao Domingos Do Maranhao,BR,-5.5758,-44.3853,76.1,44,83,8.63,broken clouds
501,Galle,LK,6.0367,80.217,81.72,77,55,16.15,broken clouds
502,Mundo Nuevo,MX,18.7,-95.5,78.78,77,100,2.08,overcast clouds
503,Kodino,RU,63.7198,39.6447,70.02,51,8,3.04,clear sky
504,Palma Di Montechiaro,IT,37.1926,13.765,89.31,29,0,6.04,clear sky
505,Deputatskiy,RU,69.3,139.9,70.61,43,44,9.51,scattered clouds
506,Fraga,ES,41.5229,0.3489,83.23,41,75,5.84,broken clouds
507,Itoman,JP,26.1247,127.6694,87.82,79,75,10.36,broken clouds
508,Ambulu,ID,-8.345,113.6058,80.71,59,100,10.96,overcast clouds
509,Javanrud,IR,34.7961,46.5172,89.19,10,0,2.86,clear sky
510,Cape Coast,GH,5.1053,-1.2466,75.45,81,53,7.25,broken clouds
511,San Juan,AR,-31.5375,-68.5364,53.29,78,58,5.5,broken clouds
512,Afua,BR,-0.1567,-50.3867,74.41,93,27,4.14,scattered clouds
513,Yuzhou,CN,34.1628,113.4639,98.49,43,7,11.54,clear sky
514,Dakar,SN,14.6937,-17.4441,78.93,89,40,4.61,scattered clouds
515,Tamandare,BR,-8.7597,-35.1047,71.42,83,66,9.86,broken clouds
516,Zeya,RU,53.75,127.2667,87.89,36,0,4.07,clear sky
517,Sao Jose Da Coroa Grande,BR,-8.8978,-35.1478,71.76,81,67,10.31,broken clouds
518,Vestmannaeyjar,IS,63.4427,-20.2734,52.29,78,100,8.19,overcast clouds
519,Solvychegodsk,RU,61.3305,46.9156,66.63,71,100,5.68,overcast clouds
520,Launceston,AU,-41.45,147.1667,56.61,78,100,8.05,overcast clouds
521,Moree,AU,-29.4667,149.85,59.47,62,4,4.56,clear sky
522,Xining,CN,36.6167,101.7667,83.71,29,0,5.35,clear sky
523,Palmer,US,42.1584,-72.3287,79.25,75,100,3.44,overcast clouds
524,Sabang,ID,5.8933,95.3214,81.46,78,77,13.85,broken clouds
525,San Carlos,VE,9.6612,-68.5827,71.01,92,50,2.44,scattered clouds
526,Kailua,US,21.4022,-157.7394,78.03,79,3,5.99,clear sky
527,Luderitz,NA,-26.6481,15.1594,63.28,58,0,8.75,clear sky
528,Vestmanna,FO,62.1564,-7.1664,49.12,81,75,12.66,light rain
529,Tres Arroyos,AR,-38.3739,-60.2798,47.21,85,100,8.97,overcast clouds
530,Louis Trichardt,ZA,-23.0439,29.9032,56.28,67,60,9.42,broken clouds
531,Matagami,CA,49.7502,-77.6328,55.51,100,100,11.5,overcast clouds
532,Alofi,NU,-19.0595,-169.9187,71.49,68,75,9.22,broken clouds
533,Hattiesburg,US,31.3271,-89.2903,78.66,99,0,3.44,mist
534,Zurrieq,MT,35.8311,14.4742,90.91,40,0,8.05,clear sky
535,Camalu,MX,30.85,-116.0667,66.29,87,59,6.8,broken clouds
536,Malinovoye Ozero,RU,51.6753,79.7825,79.23,29,0,9.89,clear sky
537,Guymon,US,36.6828,-101.4816,76.98,59,95,7.83,overcast clouds
538,Inongo,CD,-1.95,18.2667,69.4,90,100,3.76,light rain
539,Boguchany,RU,58.3814,97.4531,77.63,46,93,4.74,overcast clouds
540,Kununurra,AU,-15.7667,128.7333,91.38,8,0,8.05,clear sky
541,San Ramon,US,37.7799,-121.978,60.39,83,0,10.36,clear sky
542,Jiuquan,CN,39.7432,98.5174,94.86,13,52,6.78,broken clouds
543,Riyadh,SA,24.6877,46.7219,104.14,11,11,12.24,few clouds
544,Kushmurun,KZ,52.4503,64.6311,90.81,24,35,8.34,scattered clouds
545,Orikum,AL,40.3253,19.4714,86.56,40,0,7.85,clear sky
546,Hami,CN,42.8,93.45,93.29,15,100,13.73,overcast clouds
547,Beihai,CN,21.4833,109.1,88.7,69,0,9.78,clear sky
548,Marzuq,YE,14.4,46.4667,85.57,44,100,5.61,overcast clouds
549,Asilah,MA,35.465,-6.0348,89.56,47,92,8.25,overcast clouds
550,Tambopata,PE,-12.7333,-69.1833,69.64,95,8,1.45,clear sky
551,San Francisco,US,37.7749,-122.4194,59.5,93,52,8.99,broken clouds
552,Santiago Del Estero,AR,-27.7951,-64.2615,66.74,72,0,6.35,clear sky
553,Masunga,BW,-20.6246,27.4488,68.04,32,6,10.54,clear sky
554,Geraldton,AU,-28.7667,114.6,64.81,48,0,10.36,clear sky
555,Oranjemund,NA,-28.55,16.4333,67.28,28,0,16.73,clear sky
556,Seoul,KR,37.5683,126.9778,92.59,57,20,10.36,few clouds
557,Sawakin,SD,19.1059,37.3321,99.25,38,45,16.28,scattered clouds
558,Manama,BH,26.2154,50.5832,109.58,41,0,16.11,clear sky
559,Hovd,MN,48.0056,91.6419,78.21,17,88,19.44,overcast clouds
560,Mwense,ZM,-10.3845,28.698,79.09,33,3,9.04,clear sky
561,Jaru,BR,-10.4389,-62.4664,70.18,52,6,1.3,clear sky
562,Nadvoitsy,RU,63.8667,34.3167,65.8,52,16,5.12,few clouds
563,Imeni Zhelyabova,RU,58.9544,36.5956,64.53,92,100,5.32,light rain
564,Puerto Maldonado,PE,-12.6,-69.1833,70.36,95,6,1.5,clear sky
565,Tazovskiy,RU,67.4667,78.7,45.7,94,100,16.73,light rain
566,Cockburn Town,TC,21.4612,-71.1419,81.59,79,58,22.15,broken clouds
567,Riviere-Au-Renard,CA,48.9957,-64.3971,66.49,99,100,12.8,moderate rain
568,Quatre Cocos,MU,-20.2078,57.7625,74.08,65,8,10.31,clear sky
569,Bacolod,PH,10.6667,122.95,79.84,88,100,4.36,moderate rain
570,Port Said,EG,31.2565,32.2841,80.58,89,0,5.75,clear sky
571,Bubaque,GW,11.2833,-15.8333,78.66,83,100,9.06,overcast clouds
572,Moisei,RO,47.6556,24.5401,75.29,53,18,1.9,few clouds
573,Kamaishi,JP,39.2667,141.8833,76.71,82,29,1.88,scattered clouds
574,Tiarei,PF,-17.5333,-149.3333,73.42,86,30,13.8,moderate rain
575,Vanderhoof,CA,54.0166,-124.0198,58.06,78,88,2.93,overcast clouds
576,Belaya Gora,RU,68.5333,146.4167,75.2,29,46,13.47,scattered clouds
577,Chiredzi,ZW,-21.05,31.6667,63.61,77,100,9.35,light rain
578,Siddapur,IN,14.3333,74.8833,77.5,74,100,9.57,overcast clouds
579,Chumikan,RU,54.7183,135.315,54.27,97,100,10.18,overcast clouds
580,Madimba,TZ,-10.4,40.3333,79.92,69,40,16.11,scattered clouds
581,Hualmay,PE,-11.0964,-77.6139,60.91,87,100,7.36,overcast clouds
582,Nhulunbuy,AU,-12.2333,136.7667,81.21,69,75,12.66,broken clouds
583,Sabya,SA,17.1495,42.6254,94.62,47,100,8.1,overcast clouds
584,Dwarka,IN,22.2394,68.9678,83.86,78,57,23.22,broken clouds
585,Novo Cruzeiro,BR,-17.4681,-41.8753,53.96,99,86,1.59,overcast clouds
586,Sokur,RU,55.2093,83.319,66.56,66,98,11.36,overcast clouds
587,Szczecinek,PL,53.7079,16.6994,75.33,42,89,10.13,overcast clouds
588,Ambon,ID,-3.6954,128.1814,79.7,83,54,11.92,broken clouds
589,Dayong,CN,25.0209,118.2898,97.9,49,4,6.98,clear sky
590,Lasa,IT,46.6166,10.7002,76.69,64,0,2.42,clear sky
591,Grindavik,IS,63.8424,-22.4338,50.47,81,75,8.05,broken clouds
592,Villafranca De Los Barros,ES,38.5614,-6.3381,82.53,21,18,6.78,few clouds
593,Barahona,DO,18.2085,-71.1008,77.43,83,1,4.18,clear sky
594,Zhigansk,RU,66.7697,123.3711,71.55,48,74,2.91,broken clouds
595,San Vicente,AR,-26.6167,-54.1333,58.75,81,0,3.13,clear sky
596,Okhotsk,RU,59.3833,143.3,55.53,89,100,4.09,overcast clouds
597,Papara,BR,-3.9839,-38.7273,75.6,67,51,9.06,broken clouds
598,Guerrero Negro,MX,27.9769,-114.0611,67.98,84,17,5.64,few clouds
599,Brookhaven,US,31.5791,-90.4407,73.8,95,32,4.21,scattered clouds
600,Araguacu,BR,-12.9306,-49.8264,69.64,47,1,5.23,clear sky
601,Belgrade,RS,44.804,20.4651,84.42,47,0,4.61,clear sky
602,Sao Geraldo Do Araguaia,BR,-6.4006,-48.555,72.32,51,87,3.76,overcast clouds
603,Zhangye,CN,38.9342,100.4517,98.13,11,28,6.44,scattered clouds
604,Taoudenni,ML,22.6783,-3.9836,98.53,23,81,13.65,light rain
605,Necochea,AR,-38.5473,-58.7368,45.18,97,84,8.23,broken clouds
606,Mpanda,TZ,-6.3655,31.0409,81.28,34,23,8.23,few clouds
607,Darnah,LY,32.767,22.6367,83.8,62,0,19.64,clear sky
608,Whitehorse,CA,60.7161,-135.0538,54.37,82,75,10.36,broken clouds
609,Emba,KZ,48.8264,58.1442,86.07,31,55,8.75,broken clouds
610,Bathsheba,BB,13.2167,-59.5167,81.21,95,75,16.11,broken clouds
611,Gigmoto,PH,13.7796,124.39,85.68,74,100,4.68,overcast clouds
612,Pangody,RU,65.85,74.4859,56.35,68,100,12.17,overcast clouds
613,Talcahuano,CL,-36.7167,-73.1167,53.28,94,100,12.66,overcast clouds
614,Koutsouras,GR,35.0339,25.9469,90.1,30,0,14.12,clear sky
615,Pimampiro,EC,0.4,-77.9667,58.26,87,100,2.75,overcast clouds
616,Conceicao Da Barra,BR,-18.5933,-39.7322,67.93,84,51,3.94,broken clouds
617,Porbandar,IN,21.6422,69.6093,84.18,79,100,17.27,drizzle
618,Mabaruma,GY,8.2,-59.7833,73.0,96,100,1.48,overcast clouds
619,Manta,EC,-0.95,-80.7333,71.38,83,100,9.22,overcast clouds
620,Locri,IT,38.2414,16.2623,89.31,41,0,6.17,clear sky
621,Armacao De Pera,PT,37.1026,-8.357,89.51,31,0,14.27,clear sky
622,Jiazi,CN,22.8779,116.067,88.93,72,22,10.78,few clouds
623,Starogard Gdanski,PL,53.964,18.5264,77.88,100,89,7.34,overcast clouds
624,Sinazongwe,ZM,-17.2614,27.4618,71.51,43,0,4.54,clear sky
625,Naryan-Mar,RU,67.6713,53.087,55.89,74,98,20.27,light rain
626,Kapoeta,SS,4.7717,33.5903,87.1,36,66,19.69,broken clouds
627,Avera,US,33.194,-82.5271,73.45,87,16,5.55,few clouds
628,Tagusao,PH,9.1924,117.8141,83.8,76,100,4.52,overcast clouds
629,Balkanabat,TM,39.5108,54.3671,89.73,41,23,4.56,few clouds
630,Bandrele,YT,-12.9067,45.1914,80.35,69,75,13.8,broken clouds
631,Kantunilkin,MX,21.0917,-87.45,74.37,98,100,2.24,overcast clouds
632,Khirkiya,IN,22.1674,76.8605,80.49,81,100,10.04,overcast clouds
633,Freeport,US,40.6576,-73.5832,84.38,78,97,5.01,overcast clouds
634,Requena,ES,39.4883,-1.1004,87.51,16,31,8.14,scattered clouds
635,Balaipungut,ID,1.05,101.2833,89.24,59,100,0.87,moderate rain
636,Kahului,US,20.8947,-156.47,77.85,82,38,4.0,scattered clouds
637,Rundu,NA,-17.9333,19.7667,72.81,25,0,10.02,clear sky
638,Visnes,NO,59.3556,5.2242,63.82,94,75,18.41,broken clouds
639,Chany,RU,55.3121,76.7647,73.76,47,65,9.91,broken clouds
640,Maningrida,AU,-12.0667,134.2667,78.31,69,16,11.9,few clouds
641,Puerto Cabezas,NI,14.0351,-83.3888,76.19,89,16,6.33,few clouds
642,Korem,ET,12.5058,39.5228,63.28,62,100,1.21,overcast clouds
643,Nogent-Le-Rotrou,FR,48.3333,1.0,69.66,60,43,15.64,scattered clouds
644,La Orilla,MX,17.9833,-102.2333,75.25,89,100,5.28,overcast clouds
645,Yulara,AU,-25.2406,130.9889,65.03,31,0,9.64,clear sky
646,Mercedes,AR,-34.6515,-59.4307,54.64,94,100,12.41,overcast clouds
647,Bima,ID,-8.4667,118.7167,85.39,45,86,8.93,overcast clouds
648,Aberdeen,GB,57.1437,-2.0981,63.09,90,75,9.22,broken clouds
649,Oistins,BB,13.0667,-59.5333,79.52,81,100,16.67,overcast clouds
650,Fuente De Oro,CO,3.4594,-73.6128,70.11,97,100,2.53,overcast clouds
651,Kolda,SN,12.8833,-14.95,73.47,88,100,1.5,overcast clouds
652,Niono,ML,14.2526,-5.993,80.19,70,76,9.15,broken clouds
653,Saint-Tite,CA,46.7334,-72.5658,69.01,99,100,6.33,overcast clouds
654,Zarichne,UA,51.8126,26.129,68.27,56,38,10.04,scattered clouds
655,Qui Nhon,VN,13.7667,109.2333,85.41,68,84,7.72,broken clouds
656,Pinsk,BY,52.1229,26.0951,67.95,58,17,10.8,few clouds
657,Soanierana Ivongo,MG,-16.9167,49.5833,71.94,78,58,7.14,light rain
658,Bani Walid,LY,31.7566,13.9942,86.4,28,0,3.31,clear sky
659,Acapulco,MX,16.8634,-99.8901,76.03,94,100,6.11,overcast clouds
660,Ahuimanu,US,21.4447,-157.8378,77.76,77,4,5.01,clear sky
661,At-Bashi,KG,41.1702,75.8106,84.65,16,0,12.91,clear sky
662,Bainbridge,US,47.6262,-122.5212,67.01,85,79,1.01,broken clouds
663,Saint-Ambroise,CA,48.5501,-71.3324,64.58,98,91,3.18,overcast clouds
664,La Ronge,CA,55.1001,-105.2842,52.77,98,99,5.7,overcast clouds
665,Dubai,AE,25.2582,55.3047,107.89,40,100,11.5,overcast clouds
666,Baghdad,IQ,33.3406,44.4009,103.26,8,0,11.59,clear sky
667,Kazanskaya,RU,45.4106,40.4361,83.52,37,13,11.34,few clouds
668,Tahe,CN,52.3333,124.7333,79.21,55,92,2.77,overcast clouds
669,Ginir,ET,7.1333,40.7,70.47,46,63,8.99,broken clouds
670,Atherton,GB,53.5237,-2.4935,62.74,96,100,5.01,overcast clouds
671,Kadhan,PK,24.481,68.9859,87.6,69,100,19.55,overcast clouds
672,Champerico,GT,14.3,-91.9167,76.96,85,79,5.99,broken clouds
673,Tvedestrand,NO,58.622,8.9315,62.94,96,100,14.18,overcast clouds
674,Taft,IR,31.7471,54.2088,101.12,10,1,9.44,clear sky
675,Belmonte,BR,-15.8631,-38.8828,70.23,83,68,6.93,broken clouds
